Handle,Title,Body (HTML),Vendor,Type,Tags,Published,Option1 Name,Option1 Value,Variant SKU,Variant Grams,Variant Inventory Tracker,Variant Inventory Qty,Variant Inventory Policy,Variant Fulfillment Service,Variant Price,Variant Requires Shipping,Variant Taxable,Image Src,Image Position,Image Alt Text,SEO Title,SEO Description,Status,Edition size (product.metafields.custom.edition_size),Materials (product.metafields.custom.materials)
between-seasons,Between Seasons,"<p>A museum-grade canvas print made in a signed, numbered edition.</p>",Shalini Mall,Fine Art Print,"print, earth-song, printify-placeholder",TRUE,Size,8 × 10 in,SM-PRINT-BETWEEN-SEASONS-8X10,,,,deny,manual,44.00,TRUE,TRUE,https://shalini-mall.vercel.app/assets/images/between-seasons.webp,1,"Between Seasons, stretched canvas print by Shalini Mall",Between Seasons — Canvas Print — Shalini Mall,"A museum-grade canvas print made in a signed, numbered edition.",active,50,"Matte canvas, stretched over a 0.75 in pinewood frame, signed and numbered by the artist."
between-seasons,,,,,,,,10 × 8 in,SM-PRINT-BETWEEN-SEASONS-10X8,,,,deny,manual,44.00,TRUE,TRUE,,,,,,,,
between-seasons,,,,,,,,16 × 20 in,SM-PRINT-BETWEEN-SEASONS-16X20,,,,deny,manual,44.00,TRUE,TRUE,,,,,,,,
between-seasons,,,,,,,,20 × 16 in,SM-PRINT-BETWEEN-SEASONS-20X16,,,,deny,manual,44.00,TRUE,TRUE,,,,,,,,
between-seasons,,,,,,,,24 × 30 in,SM-PRINT-BETWEEN-SEASONS-24X30,,,,deny,manual,44.00,TRUE,TRUE,,,,,,,,
between-seasons,,,,,,,,30 × 24 in,SM-PRINT-BETWEEN-SEASONS-30X24,,,,deny,manual,44.00,TRUE,TRUE,,,,,,,,
between-seasons,,,,,,,,30 × 40 in,SM-PRINT-BETWEEN-SEASONS-30X40,,,,deny,manual,44.00,TRUE,TRUE,,,,,,,,
between-seasons,,,,,,,,40 × 30 in,SM-PRINT-BETWEEN-SEASONS-40X30,,,,deny,manual,44.00,TRUE,TRUE,,,,,,,,
wild-grace,Wild Grace,<p>A quiet botanical study printed on stretched matte canvas.</p>,Shalini Mall,Fine Art Print,"print, earth-song, printify-placeholder",TRUE,Size,8 × 10 in,SM-PRINT-WILD-GRACE-8X10,,,,deny,manual,33.00,TRUE,TRUE,https://shalini-mall.vercel.app/assets/images/wild-grace.webp,1,"Wild Grace, stretched canvas print by Shalini Mall",Wild Grace — Canvas Print — Shalini Mall,A quiet botanical study printed on stretched matte canvas.,active,,"Matte canvas, stretched over a 0.75 in pinewood frame, signed and numbered by the artist."
wild-grace,,,,,,,,10 × 8 in,SM-PRINT-WILD-GRACE-10X8,,,,deny,manual,33.00,TRUE,TRUE,,,,,,,,
wild-grace,,,,,,,,16 × 20 in,SM-PRINT-WILD-GRACE-16X20,,,,deny,manual,33.00,TRUE,TRUE,,,,,,,,
wild-grace,,,,,,,,20 × 16 in,SM-PRINT-WILD-GRACE-20X16,,,,deny,manual,33.00,TRUE,TRUE,,,,,,,,
wild-grace,,,,,,,,24 × 30 in,SM-PRINT-WILD-GRACE-24X30,,,,deny,manual,33.00,TRUE,TRUE,,,,,,,,
wild-grace,,,,,,,,30 × 24 in,SM-PRINT-WILD-GRACE-30X24,,,,deny,manual,33.00,TRUE,TRUE,,,,,,,,
wild-grace,,,,,,,,30 × 40 in,SM-PRINT-WILD-GRACE-30X40,,,,deny,manual,33.00,TRUE,TRUE,,,,,,,,
wild-grace,,,,,,,,40 × 30 in,SM-PRINT-WILD-GRACE-40X30,,,,deny,manual,33.00,TRUE,TRUE,,,,,,,,
small-hours,The Small Hours,<p>A delicate stretched-canvas print for intimate corners and considered collections.</p>,Shalini Mall,Fine Art Print,"print, earth-song, printify-placeholder",TRUE,Size,8 × 10 in,SM-PRINT-SMALL-HOURS-8X10,,,,deny,manual,29.00,TRUE,TRUE,https://shalini-mall.vercel.app/assets/images/small-hours.webp,1,"The Small Hours, stretched canvas print by Shalini Mall",The Small Hours — Canvas Print — Shalini Mall,A delicate stretched-canvas print for intimate corners and considered collections.,active,,"Matte canvas, stretched over a 0.75 in pinewood frame, signed and numbered by the artist."
small-hours,,,,,,,,10 × 8 in,SM-PRINT-SMALL-HOURS-10X8,,,,deny,manual,29.00,TRUE,TRUE,,,,,,,,
small-hours,,,,,,,,16 × 20 in,SM-PRINT-SMALL-HOURS-16X20,,,,deny,manual,29.00,TRUE,TRUE,,,,,,,,
small-hours,,,,,,,,20 × 16 in,SM-PRINT-SMALL-HOURS-20X16,,,,deny,manual,29.00,TRUE,TRUE,,,,,,,,
small-hours,,,,,,,,24 × 30 in,SM-PRINT-SMALL-HOURS-24X30,,,,deny,manual,29.00,TRUE,TRUE,,,,,,,,
small-hours,,,,,,,,30 × 24 in,SM-PRINT-SMALL-HOURS-30X24,,,,deny,manual,29.00,TRUE,TRUE,,,,,,,,
small-hours,,,,,,,,30 × 40 in,SM-PRINT-SMALL-HOURS-30X40,,,,deny,manual,29.00,TRUE,TRUE,,,,,,,,
small-hours,,,,,,,,40 × 30 in,SM-PRINT-SMALL-HOURS-40X30,,,,deny,manual,29.00,TRUE,TRUE,,,,,,,,
quiet-orbit-print,Quiet Orbit,"<p>A signed, numbered stretched-canvas print of Quiet Orbit.</p>",Shalini Mall,Fine Art Print,"print, earth-song, printify-placeholder",TRUE,Size,8 × 10 in,SM-PRINT-QUIET-ORBIT-PRINT-8X10,,,,deny,manual,40.00,TRUE,TRUE,https://shalini-mall.vercel.app/assets/images/quiet-orbit.webp,1,"Quiet Orbit, stretched canvas print by Shalini Mall",Quiet Orbit — Canvas Print — Shalini Mall,"A signed, numbered stretched-canvas print of Quiet Orbit.",active,50,"Matte canvas, stretched over a 0.75 in pinewood frame, signed and numbered by the artist."
quiet-orbit-print,,,,,,,,10 × 8 in,SM-PRINT-QUIET-ORBIT-PRINT-10X8,,,,deny,manual,40.00,TRUE,TRUE,,,,,,,,
quiet-orbit-print,,,,,,,,16 × 20 in,SM-PRINT-QUIET-ORBIT-PRINT-16X20,,,,deny,manual,40.00,TRUE,TRUE,,,,,,,,
quiet-orbit-print,,,,,,,,20 × 16 in,SM-PRINT-QUIET-ORBIT-PRINT-20X16,,,,deny,manual,40.00,TRUE,TRUE,,,,,,,,
quiet-orbit-print,,,,,,,,24 × 30 in,SM-PRINT-QUIET-ORBIT-PRINT-24X30,,,,deny,manual,40.00,TRUE,TRUE,,,,,,,,
quiet-orbit-print,,,,,,,,30 × 24 in,SM-PRINT-QUIET-ORBIT-PRINT-30X24,,,,deny,manual,40.00,TRUE,TRUE,,,,,,,,
quiet-orbit-print,,,,,,,,30 × 40 in,SM-PRINT-QUIET-ORBIT-PRINT-30X40,,,,deny,manual,40.00,TRUE,TRUE,,,,,,,,
quiet-orbit-print,,,,,,,,40 × 30 in,SM-PRINT-QUIET-ORBIT-PRINT-40X30,,,,deny,manual,40.00,TRUE,TRUE,,,,,,,,
monsoon-memory-print,Monsoon Memory,"<p>A signed, numbered stretched-canvas print of Monsoon Memory.</p>",Shalini Mall,Fine Art Print,"print, earth-song, printify-placeholder",TRUE,Size,8 × 10 in,SM-PRINT-MONSOON-MEMORY-PRINT-8X10,,,,deny,manual,38.00,TRUE,TRUE,https://shalini-mall.vercel.app/assets/images/monsoon-memory.webp,1,"Monsoon Memory, stretched canvas print by Shalini Mall",Monsoon Memory — Canvas Print — Shalini Mall,"A signed, numbered stretched-canvas print of Monsoon Memory.",active,50,"Matte canvas, stretched over a 0.75 in pinewood frame, signed and numbered by the artist."
monsoon-memory-print,,,,,,,,10 × 8 in,SM-PRINT-MONSOON-MEMORY-PRINT-10X8,,,,deny,manual,38.00,TRUE,TRUE,,,,,,,,
monsoon-memory-print,,,,,,,,16 × 20 in,SM-PRINT-MONSOON-MEMORY-PRINT-16X20,,,,deny,manual,38.00,TRUE,TRUE,,,,,,,,
monsoon-memory-print,,,,,,,,20 × 16 in,SM-PRINT-MONSOON-MEMORY-PRINT-20X16,,,,deny,manual,38.00,TRUE,TRUE,,,,,,,,
monsoon-memory-print,,,,,,,,24 × 30 in,SM-PRINT-MONSOON-MEMORY-PRINT-24X30,,,,deny,manual,38.00,TRUE,TRUE,,,,,,,,
monsoon-memory-print,,,,,,,,30 × 24 in,SM-PRINT-MONSOON-MEMORY-PRINT-30X24,,,,deny,manual,38.00,TRUE,TRUE,,,,,,,,
monsoon-memory-print,,,,,,,,30 × 40 in,SM-PRINT-MONSOON-MEMORY-PRINT-30X40,,,,deny,manual,38.00,TRUE,TRUE,,,,,,,,
monsoon-memory-print,,,,,,,,40 × 30 in,SM-PRINT-MONSOON-MEMORY-PRINT-40X30,,,,deny,manual,38.00,TRUE,TRUE,,,,,,,,
earth-song-print,Earth Song,"<p>A signed, numbered stretched-canvas print of Earth Song.</p>",Shalini Mall,Fine Art Print,"print, earth-song, printify-placeholder",TRUE,Size,8 × 10 in,SM-PRINT-EARTH-SONG-PRINT-8X10,,,,deny,manual,44.00,TRUE,TRUE,https://shalini-mall.vercel.app/assets/images/earth-song.webp,1,"Earth Song, stretched canvas print by Shalini Mall",Earth Song — Canvas Print — Shalini Mall,"A signed, numbered stretched-canvas print of Earth Song.",active,50,"Matte canvas, stretched over a 0.75 in pinewood frame, signed and numbered by the artist."
earth-song-print,,,,,,,,10 × 8 in,SM-PRINT-EARTH-SONG-PRINT-10X8,,,,deny,manual,44.00,TRUE,TRUE,,,,,,,,
earth-song-print,,,,,,,,16 × 20 in,SM-PRINT-EARTH-SONG-PRINT-16X20,,,,deny,manual,44.00,TRUE,TRUE,,,,,,,,
earth-song-print,,,,,,,,20 × 16 in,SM-PRINT-EARTH-SONG-PRINT-20X16,,,,deny,manual,44.00,TRUE,TRUE,,,,,,,,
earth-song-print,,,,,,,,24 × 30 in,SM-PRINT-EARTH-SONG-PRINT-24X30,,,,deny,manual,44.00,TRUE,TRUE,,,,,,,,
earth-song-print,,,,,,,,30 × 24 in,SM-PRINT-EARTH-SONG-PRINT-30X24,,,,deny,manual,44.00,TRUE,TRUE,,,,,,,,
earth-song-print,,,,,,,,30 × 40 in,SM-PRINT-EARTH-SONG-PRINT-30X40,,,,deny,manual,44.00,TRUE,TRUE,,,,,,,,
earth-song-print,,,,,,,,40 × 30 in,SM-PRINT-EARTH-SONG-PRINT-40X30,,,,deny,manual,44.00,TRUE,TRUE,,,,,,,,
mineral-rhythm-print,Mineral Rhythm,<p>Mineral Rhythm as a canvas print. Bold emotions and expressive forms.</p>,Shalini Mall,Fine Art Print,"print, abstract, printify-placeholder",TRUE,Size,8 × 10 in,SM-PRINT-MINERAL-RHYTHM-PRINT-8X10,,,,deny,manual,44.00,TRUE,TRUE,https://shalini-mall.vercel.app/assets/images/mineral-rhythm-hq.webp,1,"Mineral Rhythm, stretched canvas print by Shalini Mall",Mineral Rhythm — Canvas Print — Shalini Mall,Mineral Rhythm as a canvas print. Bold emotions and expressive forms.,active,50,"Matte canvas, stretched over a 0.75 in pinewood frame, signed and numbered by the artist."
mineral-rhythm-print,,,,,,,,10 × 8 in,SM-PRINT-MINERAL-RHYTHM-PRINT-10X8,,,,deny,manual,44.00,TRUE,TRUE,,,,,,,,
mineral-rhythm-print,,,,,,,,16 × 20 in,SM-PRINT-MINERAL-RHYTHM-PRINT-16X20,,,,deny,manual,44.00,TRUE,TRUE,,,,,,,,
mineral-rhythm-print,,,,,,,,20 × 16 in,SM-PRINT-MINERAL-RHYTHM-PRINT-20X16,,,,deny,manual,44.00,TRUE,TRUE,,,,,,,,
mineral-rhythm-print,,,,,,,,24 × 30 in,SM-PRINT-MINERAL-RHYTHM-PRINT-24X30,,,,deny,manual,44.00,TRUE,TRUE,,,,,,,,
mineral-rhythm-print,,,,,,,,30 × 24 in,SM-PRINT-MINERAL-RHYTHM-PRINT-30X24,,,,deny,manual,44.00,TRUE,TRUE,,,,,,,,
mineral-rhythm-print,,,,,,,,30 × 40 in,SM-PRINT-MINERAL-RHYTHM-PRINT-30X40,,,,deny,manual,44.00,TRUE,TRUE,,,,,,,,
mineral-rhythm-print,,,,,,,,40 × 30 in,SM-PRINT-MINERAL-RHYTHM-PRINT-40X30,,,,deny,manual,44.00,TRUE,TRUE,,,,,,,,
blue-reverie-print,Blue Reverie,<p>Blue Reverie as a canvas print. Bold emotions and expressive forms.</p>,Shalini Mall,Fine Art Print,"print, abstract, printify-placeholder",TRUE,Size,8 × 10 in,SM-PRINT-BLUE-REVERIE-PRINT-8X10,,,,deny,manual,44.00,TRUE,TRUE,https://shalini-mall.vercel.app/assets/images/blue-reverie-hq.webp,1,"Blue Reverie, stretched canvas print by Shalini Mall",Blue Reverie — Canvas Print — Shalini Mall,Blue Reverie as a canvas print. Bold emotions and expressive forms.,active,50,"Matte canvas, stretched over a 0.75 in pinewood frame, signed and numbered by the artist."
blue-reverie-print,,,,,,,,10 × 8 in,SM-PRINT-BLUE-REVERIE-PRINT-10X8,,,,deny,manual,44.00,TRUE,TRUE,,,,,,,,
blue-reverie-print,,,,,,,,16 × 20 in,SM-PRINT-BLUE-REVERIE-PRINT-16X20,,,,deny,manual,44.00,TRUE,TRUE,,,,,,,,
blue-reverie-print,,,,,,,,20 × 16 in,SM-PRINT-BLUE-REVERIE-PRINT-20X16,,,,deny,manual,44.00,TRUE,TRUE,,,,,,,,
blue-reverie-print,,,,,,,,24 × 30 in,SM-PRINT-BLUE-REVERIE-PRINT-24X30,,,,deny,manual,44.00,TRUE,TRUE,,,,,,,,
blue-reverie-print,,,,,,,,30 × 24 in,SM-PRINT-BLUE-REVERIE-PRINT-30X24,,,,deny,manual,44.00,TRUE,TRUE,,,,,,,,
blue-reverie-print,,,,,,,,30 × 40 in,SM-PRINT-BLUE-REVERIE-PRINT-30X40,,,,deny,manual,44.00,TRUE,TRUE,,,,,,,,
blue-reverie-print,,,,,,,,40 × 30 in,SM-PRINT-BLUE-REVERIE-PRINT-40X30,,,,deny,manual,44.00,TRUE,TRUE,,,,,,,,
mountain-stillness-print,Mountain Stillness,<p>Mountain Stillness as a canvas print. Serene views inspired by the earth.</p>,Shalini Mall,Fine Art Print,"print, nature-landscapes, printify-placeholder",TRUE,Size,8 × 10 in,SM-PRINT-MOUNTAIN-STILLNESS-PRINT-8X10,,,,deny,manual,44.00,TRUE,TRUE,https://shalini-mall.vercel.app/assets/images/mountain-stillness-hq.webp,1,"Mountain Stillness, stretched canvas print by Shalini Mall",Mountain Stillness — Canvas Print — Shalini Mall,Mountain Stillness as a canvas print. Serene views inspired by the earth.,active,50,"Matte canvas, stretched over a 0.75 in pinewood frame, signed and numbered by the artist."
mountain-stillness-print,,,,,,,,10 × 8 in,SM-PRINT-MOUNTAIN-STILLNESS-PRINT-10X8,,,,deny,manual,44.00,TRUE,TRUE,,,,,,,,
mountain-stillness-print,,,,,,,,16 × 20 in,SM-PRINT-MOUNTAIN-STILLNESS-PRINT-16X20,,,,deny,manual,44.00,TRUE,TRUE,,,,,,,,
mountain-stillness-print,,,,,,,,20 × 16 in,SM-PRINT-MOUNTAIN-STILLNESS-PRINT-20X16,,,,deny,manual,44.00,TRUE,TRUE,,,,,,,,
mountain-stillness-print,,,,,,,,24 × 30 in,SM-PRINT-MOUNTAIN-STILLNESS-PRINT-24X30,,,,deny,manual,44.00,TRUE,TRUE,,,,,,,,
mountain-stillness-print,,,,,,,,30 × 24 in,SM-PRINT-MOUNTAIN-STILLNESS-PRINT-30X24,,,,deny,manual,44.00,TRUE,TRUE,,,,,,,,
mountain-stillness-print,,,,,,,,30 × 40 in,SM-PRINT-MOUNTAIN-STILLNESS-PRINT-30X40,,,,deny,manual,44.00,TRUE,TRUE,,,,,,,,
mountain-stillness-print,,,,,,,,40 × 30 in,SM-PRINT-MOUNTAIN-STILLNESS-PRINT-40X30,,,,deny,manual,44.00,TRUE,TRUE,,,,,,,,
forest-whisper-print,Forest Whisper,<p>Forest Whisper as a canvas print. Serene views inspired by the earth.</p>,Shalini Mall,Fine Art Print,"print, nature-landscapes, printify-placeholder",TRUE,Size,8 × 10 in,SM-PRINT-FOREST-WHISPER-PRINT-8X10,,,,deny,manual,44.00,TRUE,TRUE,https://shalini-mall.vercel.app/assets/images/forest-whisper-hq.webp,1,"Forest Whisper, stretched canvas print by Shalini Mall",Forest Whisper — Canvas Print — Shalini Mall,Forest Whisper as a canvas print. Serene views inspired by the earth.,active,50,"Matte canvas, stretched over a 0.75 in pinewood frame, signed and numbered by the artist."
forest-whisper-print,,,,,,,,10 × 8 in,SM-PRINT-FOREST-WHISPER-PRINT-10X8,,,,deny,manual,44.00,TRUE,TRUE,,,,,,,,
forest-whisper-print,,,,,,,,16 × 20 in,SM-PRINT-FOREST-WHISPER-PRINT-16X20,,,,deny,manual,44.00,TRUE,TRUE,,,,,,,,
forest-whisper-print,,,,,,,,20 × 16 in,SM-PRINT-FOREST-WHISPER-PRINT-20X16,,,,deny,manual,44.00,TRUE,TRUE,,,,,,,,
forest-whisper-print,,,,,,,,24 × 30 in,SM-PRINT-FOREST-WHISPER-PRINT-24X30,,,,deny,manual,44.00,TRUE,TRUE,,,,,,,,
forest-whisper-print,,,,,,,,30 × 24 in,SM-PRINT-FOREST-WHISPER-PRINT-30X24,,,,deny,manual,44.00,TRUE,TRUE,,,,,,,,
forest-whisper-print,,,,,,,,30 × 40 in,SM-PRINT-FOREST-WHISPER-PRINT-30X40,,,,deny,manual,44.00,TRUE,TRUE,,,,,,,,
forest-whisper-print,,,,,,,,40 × 30 in,SM-PRINT-FOREST-WHISPER-PRINT-40X30,,,,deny,manual,44.00,TRUE,TRUE,,,,,,,,
ivory-bloom-print,Ivory Bloom,<p>Ivory Bloom as a canvas print. Celebrating the beauty of nature.</p>,Shalini Mall,Fine Art Print,"print, floral-botanical, printify-placeholder",TRUE,Size,8 × 10 in,SM-PRINT-IVORY-BLOOM-PRINT-8X10,,,,deny,manual,44.00,TRUE,TRUE,https://shalini-mall.vercel.app/assets/images/ivory-bloom-hq.webp,1,"Ivory Bloom, stretched canvas print by Shalini Mall",Ivory Bloom — Canvas Print — Shalini Mall,Ivory Bloom as a canvas print. Celebrating the beauty of nature.,active,50,"Matte canvas, stretched over a 0.75 in pinewood frame, signed and numbered by the artist."
ivory-bloom-print,,,,,,,,10 × 8 in,SM-PRINT-IVORY-BLOOM-PRINT-10X8,,,,deny,manual,44.00,TRUE,TRUE,,,,,,,,
ivory-bloom-print,,,,,,,,16 × 20 in,SM-PRINT-IVORY-BLOOM-PRINT-16X20,,,,deny,manual,44.00,TRUE,TRUE,,,,,,,,
ivory-bloom-print,,,,,,,,20 × 16 in,SM-PRINT-IVORY-BLOOM-PRINT-20X16,,,,deny,manual,44.00,TRUE,TRUE,,,,,,,,
ivory-bloom-print,,,,,,,,24 × 30 in,SM-PRINT-IVORY-BLOOM-PRINT-24X30,,,,deny,manual,44.00,TRUE,TRUE,,,,,,,,
ivory-bloom-print,,,,,,,,30 × 24 in,SM-PRINT-IVORY-BLOOM-PRINT-30X24,,,,deny,manual,44.00,TRUE,TRUE,,,,,,,,
ivory-bloom-print,,,,,,,,30 × 40 in,SM-PRINT-IVORY-BLOOM-PRINT-30X40,,,,deny,manual,44.00,TRUE,TRUE,,,,,,,,
ivory-bloom-print,,,,,,,,40 × 30 in,SM-PRINT-IVORY-BLOOM-PRINT-40X30,,,,deny,manual,44.00,TRUE,TRUE,,,,,,,,
jasmine-garden-print,Jasmine Garden,<p>Jasmine Garden as a canvas print. Celebrating the beauty of nature.</p>,Shalini Mall,Fine Art Print,"print, floral-botanical, printify-placeholder",TRUE,Size,8 × 10 in,SM-PRINT-JASMINE-GARDEN-PRINT-8X10,,,,deny,manual,44.00,TRUE,TRUE,https://shalini-mall.vercel.app/assets/images/jasmine-garden-hq.webp,1,"Jasmine Garden, stretched canvas print by Shalini Mall",Jasmine Garden — Canvas Print — Shalini Mall,Jasmine Garden as a canvas print. Celebrating the beauty of nature.,active,50,"Matte canvas, stretched over a 0.75 in pinewood frame, signed and numbered by the artist."
jasmine-garden-print,,,,,,,,10 × 8 in,SM-PRINT-JASMINE-GARDEN-PRINT-10X8,,,,deny,manual,44.00,TRUE,TRUE,,,,,,,,
jasmine-garden-print,,,,,,,,16 × 20 in,SM-PRINT-JASMINE-GARDEN-PRINT-16X20,,,,deny,manual,44.00,TRUE,TRUE,,,,,,,,
jasmine-garden-print,,,,,,,,20 × 16 in,SM-PRINT-JASMINE-GARDEN-PRINT-20X16,,,,deny,manual,44.00,TRUE,TRUE,,,,,,,,
jasmine-garden-print,,,,,,,,24 × 30 in,SM-PRINT-JASMINE-GARDEN-PRINT-24X30,,,,deny,manual,44.00,TRUE,TRUE,,,,,,,,
jasmine-garden-print,,,,,,,,30 × 24 in,SM-PRINT-JASMINE-GARDEN-PRINT-30X24,,,,deny,manual,44.00,TRUE,TRUE,,,,,,,,
jasmine-garden-print,,,,,,,,30 × 40 in,SM-PRINT-JASMINE-GARDEN-PRINT-30X40,,,,deny,manual,44.00,TRUE,TRUE,,,,,,,,
jasmine-garden-print,,,,,,,,40 × 30 in,SM-PRINT-JASMINE-GARDEN-PRINT-40X30,,,,deny,manual,44.00,TRUE,TRUE,,,,,,,,
quiet-reflection-print,Quiet Reflection,"<p>Quiet Reflection as a canvas print. Human expressions, stories and emotions.</p>",Shalini Mall,Fine Art Print,"print, figurative, printify-placeholder",TRUE,Size,8 × 10 in,SM-PRINT-QUIET-REFLECTION-PRINT-8X10,,,,deny,manual,44.00,TRUE,TRUE,https://shalini-mall.vercel.app/assets/images/quiet-reflection-hq.webp,1,"Quiet Reflection, stretched canvas print by Shalini Mall",Quiet Reflection — Canvas Print — Shalini Mall,"Quiet Reflection as a canvas print. Human expressions, stories and emotions.",active,50,"Matte canvas, stretched over a 0.75 in pinewood frame, signed and numbered by the artist."
quiet-reflection-print,,,,,,,,10 × 8 in,SM-PRINT-QUIET-REFLECTION-PRINT-10X8,,,,deny,manual,44.00,TRUE,TRUE,,,,,,,,
quiet-reflection-print,,,,,,,,16 × 20 in,SM-PRINT-QUIET-REFLECTION-PRINT-16X20,,,,deny,manual,44.00,TRUE,TRUE,,,,,,,,
quiet-reflection-print,,,,,,,,20 × 16 in,SM-PRINT-QUIET-REFLECTION-PRINT-20X16,,,,deny,manual,44.00,TRUE,TRUE,,,,,,,,
quiet-reflection-print,,,,,,,,24 × 30 in,SM-PRINT-QUIET-REFLECTION-PRINT-24X30,,,,deny,manual,44.00,TRUE,TRUE,,,,,,,,
quiet-reflection-print,,,,,,,,30 × 24 in,SM-PRINT-QUIET-REFLECTION-PRINT-30X24,,,,deny,manual,44.00,TRUE,TRUE,,,,,,,,
quiet-reflection-print,,,,,,,,30 × 40 in,SM-PRINT-QUIET-REFLECTION-PRINT-30X40,,,,deny,manual,44.00,TRUE,TRUE,,,,,,,,
quiet-reflection-print,,,,,,,,40 × 30 in,SM-PRINT-QUIET-REFLECTION-PRINT-40X30,,,,deny,manual,44.00,TRUE,TRUE,,,,,,,,
a-moment-within-print,A Moment Within,"<p>A Moment Within as a canvas print. Human expressions, stories and emotions.</p>",Shalini Mall,Fine Art Print,"print, figurative, printify-placeholder",TRUE,Size,8 × 10 in,SM-PRINT-A-MOMENT-WITHIN-PRINT-8X10,,,,deny,manual,44.00,TRUE,TRUE,https://shalini-mall.vercel.app/assets/images/a-moment-within-hq.webp,1,"A Moment Within, stretched canvas print by Shalini Mall",A Moment Within — Canvas Print — Shalini Mall,"A Moment Within as a canvas print. Human expressions, stories and emotions.",active,50,"Matte canvas, stretched over a 0.75 in pinewood frame, signed and numbered by the artist."
a-moment-within-print,,,,,,,,10 × 8 in,SM-PRINT-A-MOMENT-WITHIN-PRINT-10X8,,,,deny,manual,44.00,TRUE,TRUE,,,,,,,,
a-moment-within-print,,,,,,,,16 × 20 in,SM-PRINT-A-MOMENT-WITHIN-PRINT-16X20,,,,deny,manual,44.00,TRUE,TRUE,,,,,,,,
a-moment-within-print,,,,,,,,20 × 16 in,SM-PRINT-A-MOMENT-WITHIN-PRINT-20X16,,,,deny,manual,44.00,TRUE,TRUE,,,,,,,,
a-moment-within-print,,,,,,,,24 × 30 in,SM-PRINT-A-MOMENT-WITHIN-PRINT-24X30,,,,deny,manual,44.00,TRUE,TRUE,,,,,,,,
a-moment-within-print,,,,,,,,30 × 24 in,SM-PRINT-A-MOMENT-WITHIN-PRINT-30X24,,,,deny,manual,44.00,TRUE,TRUE,,,,,,,,
a-moment-within-print,,,,,,,,30 × 40 in,SM-PRINT-A-MOMENT-WITHIN-PRINT-30X40,,,,deny,manual,44.00,TRUE,TRUE,,,,,,,,
a-moment-within-print,,,,,,,,40 × 30 in,SM-PRINT-A-MOMENT-WITHIN-PRINT-40X30,,,,deny,manual,44.00,TRUE,TRUE,,,,,,,,
golden-stillness-print,Golden Stillness,"<p>Golden Stillness as a canvas print. Clean, subtle and contemporary.</p>",Shalini Mall,Fine Art Print,"print, modern-minimal, printify-placeholder",TRUE,Size,8 × 10 in,SM-PRINT-GOLDEN-STILLNESS-PRINT-8X10,,,,deny,manual,44.00,TRUE,TRUE,https://shalini-mall.vercel.app/assets/images/golden-stillness-hq.webp,1,"Golden Stillness, stretched canvas print by Shalini Mall",Golden Stillness — Canvas Print — Shalini Mall,"Golden Stillness as a canvas print. Clean, subtle and contemporary.",active,50,"Matte canvas, stretched over a 0.75 in pinewood frame, signed and numbered by the artist."
golden-stillness-print,,,,,,,,10 × 8 in,SM-PRINT-GOLDEN-STILLNESS-PRINT-10X8,,,,deny,manual,44.00,TRUE,TRUE,,,,,,,,
golden-stillness-print,,,,,,,,16 × 20 in,SM-PRINT-GOLDEN-STILLNESS-PRINT-16X20,,,,deny,manual,44.00,TRUE,TRUE,,,,,,,,
golden-stillness-print,,,,,,,,20 × 16 in,SM-PRINT-GOLDEN-STILLNESS-PRINT-20X16,,,,deny,manual,44.00,TRUE,TRUE,,,,,,,,
golden-stillness-print,,,,,,,,24 × 30 in,SM-PRINT-GOLDEN-STILLNESS-PRINT-24X30,,,,deny,manual,44.00,TRUE,TRUE,,,,,,,,
golden-stillness-print,,,,,,,,30 × 24 in,SM-PRINT-GOLDEN-STILLNESS-PRINT-30X24,,,,deny,manual,44.00,TRUE,TRUE,,,,,,,,
golden-stillness-print,,,,,,,,30 × 40 in,SM-PRINT-GOLDEN-STILLNESS-PRINT-30X40,,,,deny,manual,44.00,TRUE,TRUE,,,,,,,,
golden-stillness-print,,,,,,,,40 × 30 in,SM-PRINT-GOLDEN-STILLNESS-PRINT-40X30,,,,deny,manual,44.00,TRUE,TRUE,,,,,,,,
soft-geometry-print,Soft Geometry,"<p>Soft Geometry as a canvas print. Clean, subtle and contemporary.</p>",Shalini Mall,Fine Art Print,"print, modern-minimal, printify-placeholder",TRUE,Size,8 × 10 in,SM-PRINT-SOFT-GEOMETRY-PRINT-8X10,,,,deny,manual,44.00,TRUE,TRUE,https://shalini-mall.vercel.app/assets/images/soft-geometry-hq.webp,1,"Soft Geometry, stretched canvas print by Shalini Mall",Soft Geometry — Canvas Print — Shalini Mall,"Soft Geometry as a canvas print. Clean, subtle and contemporary.",active,50,"Matte canvas, stretched over a 0.75 in pinewood frame, signed and numbered by the artist."
soft-geometry-print,,,,,,,,10 × 8 in,SM-PRINT-SOFT-GEOMETRY-PRINT-10X8,,,,deny,manual,44.00,TRUE,TRUE,,,,,,,,
soft-geometry-print,,,,,,,,16 × 20 in,SM-PRINT-SOFT-GEOMETRY-PRINT-16X20,,,,deny,manual,44.00,TRUE,TRUE,,,,,,,,
soft-geometry-print,,,,,,,,20 × 16 in,SM-PRINT-SOFT-GEOMETRY-PRINT-20X16,,,,deny,manual,44.00,TRUE,TRUE,,,,,,,,
soft-geometry-print,,,,,,,,24 × 30 in,SM-PRINT-SOFT-GEOMETRY-PRINT-24X30,,,,deny,manual,44.00,TRUE,TRUE,,,,,,,,
soft-geometry-print,,,,,,,,30 × 24 in,SM-PRINT-SOFT-GEOMETRY-PRINT-30X24,,,,deny,manual,44.00,TRUE,TRUE,,,,,,,,
soft-geometry-print,,,,,,,,30 × 40 in,SM-PRINT-SOFT-GEOMETRY-PRINT-30X40,,,,deny,manual,44.00,TRUE,TRUE,,,,,,,,
soft-geometry-print,,,,,,,,40 × 30 in,SM-PRINT-SOFT-GEOMETRY-PRINT-40X30,,,,deny,manual,44.00,TRUE,TRUE,,,,,,,,
lotus-heritage-print,Lotus Heritage,"<p>Lotus Heritage as a canvas print. Heritage, culture and timeless art.</p>",Shalini Mall,Fine Art Print,"print, cultural-traditional, printify-placeholder",TRUE,Size,8 × 10 in,SM-PRINT-LOTUS-HERITAGE-PRINT-8X10,,,,deny,manual,44.00,TRUE,TRUE,https://shalini-mall.vercel.app/assets/images/lotus-heritage-hq.webp,1,"Lotus Heritage, stretched canvas print by Shalini Mall",Lotus Heritage — Canvas Print — Shalini Mall,"Lotus Heritage as a canvas print. Heritage, culture and timeless art.",active,50,"Matte canvas, stretched over a 0.75 in pinewood frame, signed and numbered by the artist."
lotus-heritage-print,,,,,,,,10 × 8 in,SM-PRINT-LOTUS-HERITAGE-PRINT-10X8,,,,deny,manual,44.00,TRUE,TRUE,,,,,,,,
lotus-heritage-print,,,,,,,,16 × 20 in,SM-PRINT-LOTUS-HERITAGE-PRINT-16X20,,,,deny,manual,44.00,TRUE,TRUE,,,,,,,,
lotus-heritage-print,,,,,,,,20 × 16 in,SM-PRINT-LOTUS-HERITAGE-PRINT-20X16,,,,deny,manual,44.00,TRUE,TRUE,,,,,,,,
lotus-heritage-print,,,,,,,,24 × 30 in,SM-PRINT-LOTUS-HERITAGE-PRINT-24X30,,,,deny,manual,44.00,TRUE,TRUE,,,,,,,,
lotus-heritage-print,,,,,,,,30 × 24 in,SM-PRINT-LOTUS-HERITAGE-PRINT-30X24,,,,deny,manual,44.00,TRUE,TRUE,,,,,,,,
lotus-heritage-print,,,,,,,,30 × 40 in,SM-PRINT-LOTUS-HERITAGE-PRINT-30X40,,,,deny,manual,44.00,TRUE,TRUE,,,,,,,,
lotus-heritage-print,,,,,,,,40 × 30 in,SM-PRINT-LOTUS-HERITAGE-PRINT-40X30,,,,deny,manual,44.00,TRUE,TRUE,,,,,,,,
sacred-lotus-print,Sacred Lotus,"<p>Sacred Lotus as a canvas print. Heritage, culture and timeless art.</p>",Shalini Mall,Fine Art Print,"print, cultural-traditional, printify-placeholder",TRUE,Size,8 × 10 in,SM-PRINT-SACRED-LOTUS-PRINT-8X10,,,,deny,manual,44.00,TRUE,TRUE,https://shalini-mall.vercel.app/assets/images/sacred-lotus-hq.webp,1,"Sacred Lotus, stretched canvas print by Shalini Mall",Sacred Lotus — Canvas Print — Shalini Mall,"Sacred Lotus as a canvas print. Heritage, culture and timeless art.",active,50,"Matte canvas, stretched over a 0.75 in pinewood frame, signed and numbered by the artist."
sacred-lotus-print,,,,,,,,10 × 8 in,SM-PRINT-SACRED-LOTUS-PRINT-10X8,,,,deny,manual,44.00,TRUE,TRUE,,,,,,,,
sacred-lotus-print,,,,,,,,16 × 20 in,SM-PRINT-SACRED-LOTUS-PRINT-16X20,,,,deny,manual,44.00,TRUE,TRUE,,,,,,,,
sacred-lotus-print,,,,,,,,20 × 16 in,SM-PRINT-SACRED-LOTUS-PRINT-20X16,,,,deny,manual,44.00,TRUE,TRUE,,,,,,,,
sacred-lotus-print,,,,,,,,24 × 30 in,SM-PRINT-SACRED-LOTUS-PRINT-24X30,,,,deny,manual,44.00,TRUE,TRUE,,,,,,,,
sacred-lotus-print,,,,,,,,30 × 24 in,SM-PRINT-SACRED-LOTUS-PRINT-30X24,,,,deny,manual,44.00,TRUE,TRUE,,,,,,,,
sacred-lotus-print,,,,,,,,30 × 40 in,SM-PRINT-SACRED-LOTUS-PRINT-30X40,,,,deny,manual,44.00,TRUE,TRUE,,,,,,,,
sacred-lotus-print,,,,,,,,40 × 30 in,SM-PRINT-SACRED-LOTUS-PRINT-40X30,,,,deny,manual,44.00,TRUE,TRUE,,,,,,,,
tiger-majesty-print,Tiger Majesty,<p>Tiger Majesty as a canvas print. The strength and beauty of the natural world.</p>,Shalini Mall,Fine Art Print,"print, wildlife, printify-placeholder",TRUE,Size,8 × 10 in,SM-PRINT-TIGER-MAJESTY-PRINT-8X10,,,,deny,manual,44.00,TRUE,TRUE,https://shalini-mall.vercel.app/assets/images/tiger-majesty-hq.webp,1,"Tiger Majesty, stretched canvas print by Shalini Mall",Tiger Majesty — Canvas Print — Shalini Mall,Tiger Majesty as a canvas print. The strength and beauty of the natural world.,active,50,"Matte canvas, stretched over a 0.75 in pinewood frame, signed and numbered by the artist."
tiger-majesty-print,,,,,,,,10 × 8 in,SM-PRINT-TIGER-MAJESTY-PRINT-10X8,,,,deny,manual,44.00,TRUE,TRUE,,,,,,,,
tiger-majesty-print,,,,,,,,16 × 20 in,SM-PRINT-TIGER-MAJESTY-PRINT-16X20,,,,deny,manual,44.00,TRUE,TRUE,,,,,,,,
tiger-majesty-print,,,,,,,,20 × 16 in,SM-PRINT-TIGER-MAJESTY-PRINT-20X16,,,,deny,manual,44.00,TRUE,TRUE,,,,,,,,
tiger-majesty-print,,,,,,,,24 × 30 in,SM-PRINT-TIGER-MAJESTY-PRINT-24X30,,,,deny,manual,44.00,TRUE,TRUE,,,,,,,,
tiger-majesty-print,,,,,,,,30 × 24 in,SM-PRINT-TIGER-MAJESTY-PRINT-30X24,,,,deny,manual,44.00,TRUE,TRUE,,,,,,,,
tiger-majesty-print,,,,,,,,30 × 40 in,SM-PRINT-TIGER-MAJESTY-PRINT-30X40,,,,deny,manual,44.00,TRUE,TRUE,,,,,,,,
tiger-majesty-print,,,,,,,,40 × 30 in,SM-PRINT-TIGER-MAJESTY-PRINT-40X30,,,,deny,manual,44.00,TRUE,TRUE,,,,,,,,
gentle-giant-print,Gentle Giant,<p>Gentle Giant as a canvas print. The strength and beauty of the natural world.</p>,Shalini Mall,Fine Art Print,"print, wildlife, printify-placeholder",TRUE,Size,8 × 10 in,SM-PRINT-GENTLE-GIANT-PRINT-8X10,,,,deny,manual,44.00,TRUE,TRUE,https://shalini-mall.vercel.app/assets/images/gentle-giant-hq.webp,1,"Gentle Giant, stretched canvas print by Shalini Mall",Gentle Giant — Canvas Print — Shalini Mall,Gentle Giant as a canvas print. The strength and beauty of the natural world.,active,50,"Matte canvas, stretched over a 0.75 in pinewood frame, signed and numbered by the artist."
gentle-giant-print,,,,,,,,10 × 8 in,SM-PRINT-GENTLE-GIANT-PRINT-10X8,,,,deny,manual,44.00,TRUE,TRUE,,,,,,,,
gentle-giant-print,,,,,,,,16 × 20 in,SM-PRINT-GENTLE-GIANT-PRINT-16X20,,,,deny,manual,44.00,TRUE,TRUE,,,,,,,,
gentle-giant-print,,,,,,,,20 × 16 in,SM-PRINT-GENTLE-GIANT-PRINT-20X16,,,,deny,manual,44.00,TRUE,TRUE,,,,,,,,
gentle-giant-print,,,,,,,,24 × 30 in,SM-PRINT-GENTLE-GIANT-PRINT-24X30,,,,deny,manual,44.00,TRUE,TRUE,,,,,,,,
gentle-giant-print,,,,,,,,30 × 24 in,SM-PRINT-GENTLE-GIANT-PRINT-30X24,,,,deny,manual,44.00,TRUE,TRUE,,,,,,,,
gentle-giant-print,,,,,,,,30 × 40 in,SM-PRINT-GENTLE-GIANT-PRINT-30X40,,,,deny,manual,44.00,TRUE,TRUE,,,,,,,,
gentle-giant-print,,,,,,,,40 × 30 in,SM-PRINT-GENTLE-GIANT-PRINT-40X30,,,,deny,manual,44.00,TRUE,TRUE,,,,,,,,
paris-in-the-rain-print,Paris in the Rain,"<p>Paris in the Rain as a canvas print. Urban life, structures and perspectives.</p>",Shalini Mall,Fine Art Print,"print, cityscapes-architecture, printify-placeholder",TRUE,Size,8 × 10 in,SM-PRINT-PARIS-IN-THE-RAIN-PRINT-8X10,,,,deny,manual,44.00,TRUE,TRUE,https://shalini-mall.vercel.app/assets/images/paris-in-the-rain-hq.webp,1,"Paris in the Rain, stretched canvas print by Shalini Mall",Paris in the Rain — Canvas Print — Shalini Mall,"Paris in the Rain as a canvas print. Urban life, structures and perspectives.",active,50,"Matte canvas, stretched over a 0.75 in pinewood frame, signed and numbered by the artist."
paris-in-the-rain-print,,,,,,,,10 × 8 in,SM-PRINT-PARIS-IN-THE-RAIN-PRINT-10X8,,,,deny,manual,44.00,TRUE,TRUE,,,,,,,,
paris-in-the-rain-print,,,,,,,,16 × 20 in,SM-PRINT-PARIS-IN-THE-RAIN-PRINT-16X20,,,,deny,manual,44.00,TRUE,TRUE,,,,,,,,
paris-in-the-rain-print,,,,,,,,20 × 16 in,SM-PRINT-PARIS-IN-THE-RAIN-PRINT-20X16,,,,deny,manual,44.00,TRUE,TRUE,,,,,,,,
paris-in-the-rain-print,,,,,,,,24 × 30 in,SM-PRINT-PARIS-IN-THE-RAIN-PRINT-24X30,,,,deny,manual,44.00,TRUE,TRUE,,,,,,,,
paris-in-the-rain-print,,,,,,,,30 × 24 in,SM-PRINT-PARIS-IN-THE-RAIN-PRINT-30X24,,,,deny,manual,44.00,TRUE,TRUE,,,,,,,,
paris-in-the-rain-print,,,,,,,,30 × 40 in,SM-PRINT-PARIS-IN-THE-RAIN-PRINT-30X40,,,,deny,manual,44.00,TRUE,TRUE,,,,,,,,
paris-in-the-rain-print,,,,,,,,40 × 30 in,SM-PRINT-PARIS-IN-THE-RAIN-PRINT-40X30,,,,deny,manual,44.00,TRUE,TRUE,,,,,,,,
venetian-light-print,Venetian Light,"<p>Venetian Light as a canvas print. Urban life, structures and perspectives.</p>",Shalini Mall,Fine Art Print,"print, cityscapes-architecture, printify-placeholder",TRUE,Size,8 × 10 in,SM-PRINT-VENETIAN-LIGHT-PRINT-8X10,,,,deny,manual,44.00,TRUE,TRUE,https://shalini-mall.vercel.app/assets/images/venetian-light-hq.webp,1,"Venetian Light, stretched canvas print by Shalini Mall",Venetian Light — Canvas Print — Shalini Mall,"Venetian Light as a canvas print. Urban life, structures and perspectives.",active,50,"Matte canvas, stretched over a 0.75 in pinewood frame, signed and numbered by the artist."
venetian-light-print,,,,,,,,10 × 8 in,SM-PRINT-VENETIAN-LIGHT-PRINT-10X8,,,,deny,manual,44.00,TRUE,TRUE,,,,,,,,
venetian-light-print,,,,,,,,16 × 20 in,SM-PRINT-VENETIAN-LIGHT-PRINT-16X20,,,,deny,manual,44.00,TRUE,TRUE,,,,,,,,
venetian-light-print,,,,,,,,20 × 16 in,SM-PRINT-VENETIAN-LIGHT-PRINT-20X16,,,,deny,manual,44.00,TRUE,TRUE,,,,,,,,
venetian-light-print,,,,,,,,24 × 30 in,SM-PRINT-VENETIAN-LIGHT-PRINT-24X30,,,,deny,manual,44.00,TRUE,TRUE,,,,,,,,
venetian-light-print,,,,,,,,30 × 24 in,SM-PRINT-VENETIAN-LIGHT-PRINT-30X24,,,,deny,manual,44.00,TRUE,TRUE,,,,,,,,
venetian-light-print,,,,,,,,30 × 40 in,SM-PRINT-VENETIAN-LIGHT-PRINT-30X40,,,,deny,manual,44.00,TRUE,TRUE,,,,,,,,
venetian-light-print,,,,,,,,40 × 30 in,SM-PRINT-VENETIAN-LIGHT-PRINT-40X30,,,,deny,manual,44.00,TRUE,TRUE,,,,,,,,
