Handle,Title,Body (HTML),Vendor,Type,Tags,Published,Option1 Name,Option1 Value,Variant SKU,Variant Grams,Variant Inventory Tracker,Variant Inventory Qty,Variant Inventory Policy,Variant Fulfillment Service,Variant Price,Variant Requires Shipping,Variant Taxable,Image Src,Image Position,Image Alt Text,SEO Title,SEO Description,Status,Dimensions (product.metafields.custom.dimensions),Width (cm) (product.metafields.custom.width_cm),Height (cm) (product.metafields.custom.height_cm),Size band (product.metafields.custom.size_band)
quiet-orbit,Quiet Orbit,"<p>A layered meditation on stillness, movement, and the spaces we carry within us.</p>",Shalini Mall,Original,"original, earth-song",TRUE,Title,Default Title,SM-ORIG-QUIET-ORBIT,,shopify,1,deny,manual,709.00,TRUE,TRUE,https://shalini-mall.vercel.app/assets/images/quiet-orbit.webp,1,"Quiet Orbit, original painting by Shalini Mall",Quiet Orbit — Original Painting — Shalini Mall,"A layered meditation on stillness, movement, and the spaces we carry within us.",active,91 × 122 cm,91,122,Large
monsoon-memory,Monsoon Memory,<p>Earth pigments and translucent blue washes gather like rain over warm stone.</p>,Shalini Mall,Original,"original, earth-song",TRUE,Title,Default Title,SM-ORIG-MONSOON-MEMORY,,shopify,1,deny,manual,542.00,TRUE,TRUE,https://shalini-mall.vercel.app/assets/images/monsoon-memory.webp,1,"Monsoon Memory, original painting by Shalini Mall",Monsoon Memory — Original Painting — Shalini Mall,Earth pigments and translucent blue washes gather like rain over warm stone.,active,76 × 102 cm,76,102,Medium
earth-song,Earth Song,<p>Charcoal marks and mineral colour build an imagined landscape of belonging.</p>,Shalini Mall,Original,"original, earth-song",TRUE,Title,Default Title,SM-ORIG-EARTH-SONG,,shopify,1,deny,manual,772.00,TRUE,TRUE,https://shalini-mall.vercel.app/assets/images/earth-song.webp,1,"Earth Song, original painting by Shalini Mall",Earth Song — Original Painting — Shalini Mall,Charcoal marks and mineral colour build an imagined landscape of belonging.,active,102 × 137 cm,102,137,Large
between-seasons-original,Between Seasons,"<p>The original painting behind the Between Seasons edition, worked in layered washes.</p>",Shalini Mall,Original,"original, earth-song",TRUE,Title,Default Title,SM-ORIG-BETWEEN-SEASONS-ORIGINAL,,shopify,1,deny,manual,605.00,TRUE,TRUE,https://shalini-mall.vercel.app/assets/images/between-seasons.webp,1,"Between Seasons, original painting by Shalini Mall",Between Seasons — Original Painting — Shalini Mall,"The original painting behind the Between Seasons edition, worked in layered washes.",active,76 × 102 cm,76,102,Medium
wild-grace-original,Wild Grace,"<p>The original botanical study, painted by hand in mineral pigments.</p>",Shalini Mall,Original,"original, earth-song",TRUE,Title,Default Title,SM-ORIG-WILD-GRACE-ORIGINAL,,shopify,1,deny,manual,480.00,TRUE,TRUE,https://shalini-mall.vercel.app/assets/images/wild-grace.webp,1,"Wild Grace, original painting by Shalini Mall",Wild Grace — Original Painting — Shalini Mall,"The original botanical study, painted by hand in mineral pigments.",active,61 × 76 cm,61,76,Intimate
small-hours-original,The Small Hours,"<p>The original painting behind The Small Hours, made for intimate spaces.</p>",Shalini Mall,Original,"original, earth-song",TRUE,Title,Default Title,SM-ORIG-SMALL-HOURS-ORIGINAL,,shopify,1,deny,manual,396.00,TRUE,TRUE,https://shalini-mall.vercel.app/assets/images/small-hours.webp,1,"The Small Hours, original painting by Shalini Mall",The Small Hours — Original Painting — Shalini Mall,"The original painting behind The Small Hours, made for intimate spaces.",active,51 × 61 cm,51,61,Intimate
mineral-rhythm-original,Mineral Rhythm,"<p>Bold emotions and expressive forms. Mineral Rhythm, from our abstract selection.</p>",Shalini Mall,Original,"original, abstract",TRUE,Title,Default Title,SM-ORIG-MINERAL-RHYTHM-ORIGINAL,,shopify,1,deny,manual,709.00,TRUE,TRUE,https://shalini-mall.vercel.app/assets/images/mineral-rhythm-hq.webp,1,"Mineral Rhythm, original painting by Shalini Mall",Mineral Rhythm — Original Painting — Shalini Mall,"Bold emotions and expressive forms. Mineral Rhythm, from our abstract selection.",active,91 × 122 cm,91,122,Large
blue-reverie-original,Blue Reverie,"<p>Bold emotions and expressive forms. Blue Reverie, from our abstract selection.</p>",Shalini Mall,Original,"original, abstract",TRUE,Title,Default Title,SM-ORIG-BLUE-REVERIE-ORIGINAL,,shopify,1,deny,manual,709.00,TRUE,TRUE,https://shalini-mall.vercel.app/assets/images/blue-reverie-hq.webp,1,"Blue Reverie, original painting by Shalini Mall",Blue Reverie — Original Painting — Shalini Mall,"Bold emotions and expressive forms. Blue Reverie, from our abstract selection.",active,91 × 122 cm,91,122,Large
mountain-stillness-original,Mountain Stillness,"<p>Serene views inspired by the earth. Mountain Stillness, from our nature & landscapes selection.</p>",Shalini Mall,Original,"original, nature-landscapes",TRUE,Title,Default Title,SM-ORIG-MOUNTAIN-STILLNESS-ORIGINAL,,shopify,1,deny,manual,709.00,TRUE,TRUE,https://shalini-mall.vercel.app/assets/images/mountain-stillness-hq.webp,1,"Mountain Stillness, original painting by Shalini Mall",Mountain Stillness — Original Painting — Shalini Mall,"Serene views inspired by the earth. Mountain Stillness, from our nature & landscapes selection.",active,91 × 122 cm,91,122,Large
forest-whisper-original,Forest Whisper,"<p>Serene views inspired by the earth. Forest Whisper, from our nature & landscapes selection.</p>",Shalini Mall,Original,"original, nature-landscapes",TRUE,Title,Default Title,SM-ORIG-FOREST-WHISPER-ORIGINAL,,shopify,1,deny,manual,709.00,TRUE,TRUE,https://shalini-mall.vercel.app/assets/images/forest-whisper-hq.webp,1,"Forest Whisper, original painting by Shalini Mall",Forest Whisper — Original Painting — Shalini Mall,"Serene views inspired by the earth. Forest Whisper, from our nature & landscapes selection.",active,91 × 122 cm,91,122,Large
ivory-bloom-original,Ivory Bloom,"<p>Celebrating the beauty of nature. Ivory Bloom, from our floral & botanical selection.</p>",Shalini Mall,Original,"original, floral-botanical",TRUE,Title,Default Title,SM-ORIG-IVORY-BLOOM-ORIGINAL,,shopify,1,deny,manual,709.00,TRUE,TRUE,https://shalini-mall.vercel.app/assets/images/ivory-bloom-hq.webp,1,"Ivory Bloom, original painting by Shalini Mall",Ivory Bloom — Original Painting — Shalini Mall,"Celebrating the beauty of nature. Ivory Bloom, from our floral & botanical selection.",active,91 × 122 cm,91,122,Large
jasmine-garden-original,Jasmine Garden,"<p>Celebrating the beauty of nature. Jasmine Garden, from our floral & botanical selection.</p>",Shalini Mall,Original,"original, floral-botanical",TRUE,Title,Default Title,SM-ORIG-JASMINE-GARDEN-ORIGINAL,,shopify,1,deny,manual,709.00,TRUE,TRUE,https://shalini-mall.vercel.app/assets/images/jasmine-garden-hq.webp,1,"Jasmine Garden, original painting by Shalini Mall",Jasmine Garden — Original Painting — Shalini Mall,"Celebrating the beauty of nature. Jasmine Garden, from our floral & botanical selection.",active,91 × 122 cm,91,122,Large
quiet-reflection-original,Quiet Reflection,"<p>Human expressions, stories and emotions. Quiet Reflection, from our figurative selection.</p>",Shalini Mall,Original,"original, figurative",TRUE,Title,Default Title,SM-ORIG-QUIET-REFLECTION-ORIGINAL,,shopify,1,deny,manual,709.00,TRUE,TRUE,https://shalini-mall.vercel.app/assets/images/quiet-reflection-hq.webp,1,"Quiet Reflection, original painting by Shalini Mall",Quiet Reflection — Original Painting — Shalini Mall,"Human expressions, stories and emotions. Quiet Reflection, from our figurative selection.",active,91 × 122 cm,91,122,Large
a-moment-within-original,A Moment Within,"<p>Human expressions, stories and emotions. A Moment Within, from our figurative selection.</p>",Shalini Mall,Original,"original, figurative",TRUE,Title,Default Title,SM-ORIG-A-MOMENT-WITHIN-ORIGINAL,,shopify,1,deny,manual,709.00,TRUE,TRUE,https://shalini-mall.vercel.app/assets/images/a-moment-within-hq.webp,1,"A Moment Within, original painting by Shalini Mall",A Moment Within — Original Painting — Shalini Mall,"Human expressions, stories and emotions. A Moment Within, from our figurative selection.",active,91 × 122 cm,91,122,Large
golden-stillness-original,Golden Stillness,"<p>Clean, subtle and contemporary. Golden Stillness, from our modern minimal selection.</p>",Shalini Mall,Original,"original, modern-minimal",TRUE,Title,Default Title,SM-ORIG-GOLDEN-STILLNESS-ORIGINAL,,shopify,1,deny,manual,709.00,TRUE,TRUE,https://shalini-mall.vercel.app/assets/images/golden-stillness-hq.webp,1,"Golden Stillness, original painting by Shalini Mall",Golden Stillness — Original Painting — Shalini Mall,"Clean, subtle and contemporary. Golden Stillness, from our modern minimal selection.",active,91 × 122 cm,91,122,Large
soft-geometry-original,Soft Geometry,"<p>Clean, subtle and contemporary. Soft Geometry, from our modern minimal selection.</p>",Shalini Mall,Original,"original, modern-minimal",TRUE,Title,Default Title,SM-ORIG-SOFT-GEOMETRY-ORIGINAL,,shopify,1,deny,manual,709.00,TRUE,TRUE,https://shalini-mall.vercel.app/assets/images/soft-geometry-hq.webp,1,"Soft Geometry, original painting by Shalini Mall",Soft Geometry — Original Painting — Shalini Mall,"Clean, subtle and contemporary. Soft Geometry, from our modern minimal selection.",active,91 × 122 cm,91,122,Large
lotus-heritage-original,Lotus Heritage,"<p>Heritage, culture and timeless art. Lotus Heritage, from our cultural & traditional selection.</p>",Shalini Mall,Original,"original, cultural-traditional",TRUE,Title,Default Title,SM-ORIG-LOTUS-HERITAGE-ORIGINAL,,shopify,1,deny,manual,709.00,TRUE,TRUE,https://shalini-mall.vercel.app/assets/images/lotus-heritage-hq.webp,1,"Lotus Heritage, original painting by Shalini Mall",Lotus Heritage — Original Painting — Shalini Mall,"Heritage, culture and timeless art. Lotus Heritage, from our cultural & traditional selection.",active,91 × 122 cm,91,122,Large
sacred-lotus-original,Sacred Lotus,"<p>Heritage, culture and timeless art. Sacred Lotus, from our cultural & traditional selection.</p>",Shalini Mall,Original,"original, cultural-traditional",TRUE,Title,Default Title,SM-ORIG-SACRED-LOTUS-ORIGINAL,,shopify,1,deny,manual,709.00,TRUE,TRUE,https://shalini-mall.vercel.app/assets/images/sacred-lotus-hq.webp,1,"Sacred Lotus, original painting by Shalini Mall",Sacred Lotus — Original Painting — Shalini Mall,"Heritage, culture and timeless art. Sacred Lotus, from our cultural & traditional selection.",active,91 × 122 cm,91,122,Large
tiger-majesty-original,Tiger Majesty,"<p>The strength and beauty of the natural world. Tiger Majesty, from our wildlife selection.</p>",Shalini Mall,Original,"original, wildlife",TRUE,Title,Default Title,SM-ORIG-TIGER-MAJESTY-ORIGINAL,,shopify,1,deny,manual,709.00,TRUE,TRUE,https://shalini-mall.vercel.app/assets/images/tiger-majesty-hq.webp,1,"Tiger Majesty, original painting by Shalini Mall",Tiger Majesty — Original Painting — Shalini Mall,"The strength and beauty of the natural world. Tiger Majesty, from our wildlife selection.",active,91 × 122 cm,91,122,Large
gentle-giant-original,Gentle Giant,"<p>The strength and beauty of the natural world. Gentle Giant, from our wildlife selection.</p>",Shalini Mall,Original,"original, wildlife",TRUE,Title,Default Title,SM-ORIG-GENTLE-GIANT-ORIGINAL,,shopify,1,deny,manual,709.00,TRUE,TRUE,https://shalini-mall.vercel.app/assets/images/gentle-giant-hq.webp,1,"Gentle Giant, original painting by Shalini Mall",Gentle Giant — Original Painting — Shalini Mall,"The strength and beauty of the natural world. Gentle Giant, from our wildlife selection.",active,91 × 122 cm,91,122,Large
paris-in-the-rain-original,Paris in the Rain,"<p>Urban life, structures and perspectives. Paris in the Rain, from our cityscapes & architecture selection.</p>",Shalini Mall,Original,"original, cityscapes-architecture",TRUE,Title,Default Title,SM-ORIG-PARIS-IN-THE-RAIN-ORIGINAL,,shopify,1,deny,manual,709.00,TRUE,TRUE,https://shalini-mall.vercel.app/assets/images/paris-in-the-rain-hq.webp,1,"Paris in the Rain, original painting by Shalini Mall",Paris in the Rain — Original Painting — Shalini Mall,"Urban life, structures and perspectives. Paris in the Rain, from our cityscapes & architecture selection.",active,91 × 122 cm,91,122,Large
venetian-light-original,Venetian Light,"<p>Urban life, structures and perspectives. Venetian Light, from our cityscapes & architecture selection.</p>",Shalini Mall,Original,"original, cityscapes-architecture",TRUE,Title,Default Title,SM-ORIG-VENETIAN-LIGHT-ORIGINAL,,shopify,1,deny,manual,709.00,TRUE,TRUE,https://shalini-mall.vercel.app/assets/images/venetian-light-hq.webp,1,"Venetian Light, original painting by Shalini Mall",Venetian Light — Original Painting — Shalini Mall,"Urban life, structures and perspectives. Venetian Light, from our cityscapes & architecture selection.",active,91 × 122 cm,91,122,Large
